[
  {
    "id": "ff25843b-56e9-460d-ba48-05906759e392",
    "nombre": "Cafetera",
    "descripcion": "Cafetera de acero inoxidable",
    "precio": 10000,
    "stock": 15,
    "categoria": "cocina",
    "destacado": false,
    "imagen": "/imgs/img1.webp"
  },
  {
    "id": "f721b973-a0c8-4ddf-a9ec-33f2bde7f72e",
    "nombre": "Sartén",
    "descripcion": "Sartén antiadherente de 24 cm",
    "precio": 15000,
    "stock": 12,
    "categoria": "cocina",
    "destacado": true,
    "imagen": "/imgs/img2.webp"
  },
  {
    "id": "8e596225-465d-40f8-93f1-3b346bd2b975",
    "nombre": "Juego de sábanas",
    "descripcion": "Juego de sábanas de algodón",
    "precio": 25000,
    "stock": 11,
    "categoria": "dormitorio",
    "destacado": true,
    "imagen": "/imgs/img3.webp"
  },
  {
    "id": "bc298554-9fe1-4c26-af28-92ac4f3afd59",
    "nombre": "Almohada",
    "descripcion": "Almohada de plumas",
    "precio": 18000,
    "stock": 18,
    "categoria": "dormitorio",
    "destacado": false,
    "imagen": "/imgs/img4.webp"
  },
  {
    "id": "44306813-146f-4220-b877-d2f47390521f",
    "nombre": "Escurridor de platos",
    "descripcion": "Escurridor de platos de plástico",
    "precio": 15000,
    "stock": 14,
    "categoria": "cocina",
    "destacado": false,
    "imagen": "/imgs/img5.webp"
  },
  {
    "id": "ba6187cd-7341-4891-a008-53c4ed72945a",
    "nombre": "Cortina",
    "descripcion": "Cortina de tela opaca",
    "precio": 16000,
    "stock": 17,
    "categoria": "dormitorio",
    "destacado": true,
    "imagen": "/imgs/img6.webp"
  },
  {
    "id": "414ff725-53f9-4700-b0ab-2b5d39c03b5d",
    "nombre": "Cuchillo",
    "descripcion": "Cuchillo de acero inoxidable",
    "precio": 5000,
    "stock": 16,
    "categoria": "cocina",
    "destacado": true,
    "imagen": "/imgs/img7.webp"
  },
  {
    "id": "97de9ec1-11c1-48c8-9cad-9799417c79ee",
    "nombre": "Plato",
    "descripcion": "Plato de cerámica",
    "precio": 1500,
    "stock": 10,
    "categoria": "cocina",
    "destacado": false,
    "imagen": "/imgs/img8.webp"
  },
  {
    "id": "ee959e53-30b1-4edb-baba-1491c1f71bb8",
    "nombre": "Toalla",
    "descripcion": "Toalla de algodón suave",
    "precio": 9000,
    "stock": 20,
    "categoria": "dormitorio",
    "destacado": true,
    "imagen": "/imgs/img9.webp"
  },
  {
    "id": "3ad5005d-35c3-4e15-a3ef-1f974e1dd702",
    "nombre": "Vaso",
    "descripcion": "Vaso de vidrio",
    "precio": 650,
    "stock": 13,
    "categoria": "cocina",
    "destacado": false,
    "imagen": "/imgs/img10.webp"
  },
  {
    "id": "822c662e-c6eb-4d54-83ca-faeedceffcde",
    "nombre": "Cojín",
    "descripcion": "Cojín decorativo",
    "precio": 3500,
    "stock": 19,
    "categoria": "dormitorio",
    "destacado": false,
    "imagen": "/imgs/img11.webp"
  },
  {
    "id": "12175d11-82d4-477f-b139-94901fbbb01b",
    "nombre": "Tostadora",
    "descripcion": "Tostadora de acero inoxidable",
    "precio": 30000,
    "stock": 10,
    "categoria": "cocina",
    "destacado": true,
    "imagen": "/imgs/img12.webp"
  },
  {
    "id": "a9b8c7d6-5e4f-3g2h-1i0j-9k8l7m6n5o4p",
    "nombre": "Mesa",
    "descripcion": "Mesa de madera",
    "precio": 50000,
    "stock": 16,
    "categoria": "hogar",
    "destacado": true,
    "imagen": "/imgs/img13.webp"
  },
  {
    "id": "1q2w3e4r-5t6y-7u8i-9o0p-1a2s3d4f5g6h",
    "nombre": "Silla",
    "descripcion": "Silla de plástico",
    "precio": 25000,
    "stock": 14,
    "categoria": "hogar",
    "destacado": false,
    "imagen": "/imgs/img14.webp"
  },
  {
    "id": "1q2w3e4r-5t6y-7u8i-9o0p-1a2s3d4f5g6i",
    "nombre": "Cama",
    "descripcion": "Cama de matrimonio",
    "precio": 350000,
    "stock": 11,
    "categoria": "hogar",
    "destacado": true,
    "imagen": "/imgs/img15.webp"
  },
  {
    "id": "1q2w3e4r-5t6y-7u8i-9o0p-1a2s3d4f5g6k",
    "nombre": "Lámpara",
    "descripcion": "Lámpara de pie",
    "precio": 35000,
    "stock": 18,
    "categoria": "hogar",
    "destacado": false,
    "imagen": "/imgs/img16.webp"
  },
  {
    "id": "1q2w3e4r-5t6y-7u8i-9o0p-1a2s3d4f5g6l",
    "nombre": "Cuchara",
    "descripcion": "Cuchara de acero inoxidable",
    "precio": 500,
    "stock": 17,
    "categoria": "cocina",
    "destacado": false,
    "imagen": "/imgs/img17.webp"
  },
  {
    "id": "69f8e22c-8ca8-4729-a937-5f50be8305d6",
    "nombre": "Colcha",
    "descripcion": "Colcha de algodón",
    "precio": 14000,
    "stock": 19,
    "categoria": "dormitorio",
    "destacado": true,
    "imagen": "/imgs/img18.webp"
  },
  {
    "id": "7fadce34-fc27-4975-a7c8-f942a249e700",
    "nombre": "Tenedor",
    "descripcion": "Tenedor de acero inoxidable",
    "precio": 500,
    "stock": 15,
    "categoria": "cocina",
    "destacado": true,
    "imagen": "/imgs/img19.webp"
  },
  {
    "id": "8a4ad26-aabc-4c7e-a94d-ce51b79d9f46",
    "nombre": "Escritorio",
    "descripcion": "Escritorio de madera",
    "precio": 60000,
    "stock": 13,
    "categoria": "hogar",
    "destacado": false,
    "imagen": "/imgs/img20.webp"
  },
  {
    "id": "1q2w3e4r-5t6y-7u8i-9o0p-1a2s3d4f5g6p",
    "nombre": "Cucharón",
    "descripcion": "Cucharón de acero inoxidable",
    "precio": 2500,
    "stock": 20,
    "categoria": "cocina",
    "destacado": false,
    "imagen": "/imgs/img21.webp"
  },
  {
    "id": "49eb7290-8aa9-400c-bbfa-2a74a9357bb1",
    "nombre": "Mueble de TV",
    "descripcion": "Mueble de TV de madera",
    "precio": 160000,
    "stock": 12,
    "categoria": "hogar",
    "destacado": true,
    "imagen": "/imgs/img22.webp"
  },
  {
    "id": "1b2dce14-f0c8-4127-acec-75f588ba1836",
    "nombre": "Paellera",
    "descripcion": "Paellera de acero inoxidable",
    "precio": 10000,
    "stock": 16,
    "categoria": "cocina",
    "destacado": true,
    "imagen": "/imgs/img23.webp"
  }
]